	tx	ty
0	0.0	0.0
1	-0.300294150648913	1.6014529201551113
2	-0.486724265543065	-1.5
3	-0.8157969156401705	2.3577182935282917
