	tx	ty
0	0.0	0.0
1	-0.5542476199839899	-1.2915655039741525
2	-0.9163560325386895	0.8915773169199748
3	-0.9121990284428629	1.1455597498141568
